{
  "0": {
    "precision": 0.080078125,
    "recall": 0.011604868383809794,
    "f1-score": 0.020271940667490728,
    "support": 3533.0
  },
  "1": {
    "precision": 0.0028530670470756064,
    "recall": 0.0012099213551119178,
    "f1-score": 0.0016992353440951572,
    "support": 1653.0
  },
  "2": {
    "precision": 0.2499540187603458,
    "recall": 0.9282786885245902,
    "f1-score": 0.393855962903927,
    "support": 1464.0
  },
  "accuracy": 0.21082706766917295,
  "macro avg": {
    "precision": 0.11096173693580713,
    "recall": 0.3136978260878373,
    "f1-score": 0.13860904630517096,
    "support": 6650.0
  },
  "weighted avg": {
    "precision": 0.09828042389758829,
    "recall": 0.21082706766917295,
    "f1-score": 0.0978999597132907,
    "support": 6650.0
  }
}